username,user_profile,tweet_text,tweet_url,comment_user,comment_user_profile,comment_text,分析理由,意向用户
0xbit,https://x.com/0xBit90536646,"#PEPE 在一次达到高点后，经历了长达10个月的下跌，最大回撤88%。

#BOME 目前最大回撤81%，下跌天数142天。

所以，#BOME 的holders们，还是要有耐心。

玩MEME币，想要吃到高收益，就需要具备超过大多数人的耐心和决心！",https://x.com/0xBit90536646/status/1821090642099106298,0xbit,https://x.com/0xBit90536646,"#PEPE 在一次达到高点后，经历了长达10个月的下跌，最大回撤88%。

#BOME 目前最大回撤81%，下跌天数142天。

所以，#BOME 的holders们，还是要有耐心。

玩MEME币，想要吃到高收益，就需要具备超过大多数人的耐心和决心！",用户在评论中提到需要耐心和决心来获得高收益，这表明用户对投资有一定的理解和心理准备。然而，评论中并没有直接提到对交易机器人的需求或兴趣。,不确定
0xbit,https://x.com/0xBit90536646,"#PEPE 在一次达到高点后，经历了长达10个月的下跌，最大回撤88%。

#BOME 目前最大回撤81%，下跌天数142天。

所以，#BOME 的holders们，还是要有耐心。

玩MEME币，想要吃到高收益，就需要具备超过大多数人的耐心和决心！",https://x.com/0xBit90536646/status/1821090642099106298,MayHe,https://x.com/An_maymayhe,熬到到明年二月可以吧,评论中提到#BOME的holders需要有耐心，并且强调了在玩MEME币时需要具备耐心和决心。这表明用户对持有MEME币的长期投资有一定的理解和耐心，可能对交易机器人有一定兴趣，但没有明确表示愿意付费。,不确定
0xbit,https://x.com/0xBit90536646,"#PEPE 在一次达到高点后，经历了长达10个月的下跌，最大回撤88%。

#BOME 目前最大回撤81%，下跌天数142天。

所以，#BOME 的holders们，还是要有耐心。

玩MEME币，想要吃到高收益，就需要具备超过大多数人的耐心和决心！",https://x.com/0xBit90536646/status/1821090642099106298,0xbit,https://x.com/0xBit90536646,今年第四季度应该就会迎来转机,用户在评论中提到需要具备耐心和决心才能在MEME币市场中获得高收益，这表明用户对市场有一定的理解和期望。用户可能会对交易机器人感兴趣，因为它可以帮助他们更好地把握市场机会，减少情绪波动带来的影响。,不确定
0xbit,https://x.com/0xBit90536646,"#PEPE 在一次达到高点后，经历了长达10个月的下跌，最大回撤88%。

#BOME 目前最大回撤81%，下跌天数142天。

所以，#BOME 的holders们，还是要有耐心。

玩MEME币，想要吃到高收益，就需要具备超过大多数人的耐心和决心！",https://x.com/0xBit90536646/status/1821090642099106298,MayHe,https://x.com/An_maymayhe,"bome算不算是sol链meme
龙头？",用户在评论中提到玩MEME币需要具备耐心和决心，并且提到了两种币的回撤情况，显示出对市场的关注和一定的耐心。这表明用户有一定的投资经验和对市场的理解，可能对交易机器人感兴趣。,是
0xbit,https://x.com/0xBit90536646,"#PEPE 在一次达到高点后，经历了长达10个月的下跌，最大回撤88%。

#BOME 目前最大回撤81%，下跌天数142天。

所以，#BOME 的holders们，还是要有耐心。

玩MEME币，想要吃到高收益，就需要具备超过大多数人的耐心和决心！",https://x.com/0xBit90536646/status/1821090642099106298,Don,https://x.com/DonXue369,看到很多人已经下车不看好bome了，反而是wif独占鳌头,评论中提到的MEME币（#PEPE和#BOME）经历了较长时间的下跌和较大的回撤，建议持有者需要有耐心和决心。这表明用户对MEME币的市场波动有一定的了解，并且对长期持有有信心。用户可能会对交易机器人感兴趣，以便在波动市场中更好地进行交易。,不确定
