username,user_profile,tweet_text,tweet_url,comment_user,comment_user_profile,comment_text
Lucky,https://x.com/LLuciano_BTC," @ARC_AI
 is not just one of the best AI projects in the Web3 space, but it also boasts one of the strongest AI models in the world! 

 $ARC is continuously developing and training its Reactor, rolling out new features, and attracting a growing user base through new releases,",https://x.com/LLuciano_BTC/status/1820831664014078378,Lucky,https://x.com/LLuciano_BTC," @ARC_AI
 is not just one of the best AI projects in the Web3 space, but it also boasts one of the strongest AI models in the world! 

 $ARC is continuously developing and training its Reactor, rolling out new features, and attracting a growing user base through new releases, integrations, and partnerships. 

The best part? The entry point is now more attractive than ever! With the upcoming launch of the Earn with ARC program, which will introduce revenue sharing, the potential for growth is massive. 

 The market is heating up, and $ARC has the potential to soar even higher!  Don't miss this incredible opportunity to be part of a groundbreaking AI project with a bright future.

DYOR - NAFA"
Lucky,https://x.com/LLuciano_BTC," @ARC_AI
 is not just one of the best AI projects in the Web3 space, but it also boasts one of the strongest AI models in the world! 

 $ARC is continuously developing and training its Reactor, rolling out new features, and attracting a growing user base through new releases,",https://x.com/LLuciano_BTC/status/1820831664014078378,Kucoin Gem Signals,https://x.com/Kucoin_Gems,$ARC $1 is programmed 
Lucky,https://x.com/LLuciano_BTC," @ARC_AI
 is not just one of the best AI projects in the Web3 space, but it also boasts one of the strongest AI models in the world! 

 $ARC is continuously developing and training its Reactor, rolling out new features, and attracting a growing user base through new releases,",https://x.com/LLuciano_BTC/status/1820831664014078378,Jamison_gg,https://x.com/Jamison65396092,"These giant accounts are not just sharing us for no reason, we have tech and The Reactor, an amazing team, and an awesome community! This token IS ON DISCOUNT. UNDERVALUED. Don't miss this because if you aren't ready we aren't coming back! $ARC #AI #ARC 
@ARCreactorAI"
Lucky,https://x.com/LLuciano_BTC," @ARC_AI
 is not just one of the best AI projects in the Web3 space, but it also boasts one of the strongest AI models in the world! 

 $ARC is continuously developing and training its Reactor, rolling out new features, and attracting a growing user base through new releases,",https://x.com/LLuciano_BTC/status/1820831664014078378,ARC,https://x.com/ARCreactorAI,"@LLuciano_BTC
 thank you for spreading knowledge about our project"
Lucky,https://x.com/LLuciano_BTC," @ARC_AI
 is not just one of the best AI projects in the Web3 space, but it also boasts one of the strongest AI models in the world! 

 $ARC is continuously developing and training its Reactor, rolling out new features, and attracting a growing user base through new releases,",https://x.com/LLuciano_BTC/status/1820831664014078378,BerlinETF,https://x.com/BerlinETF_,This is huge  With the upcoming launch of the Earn with $ARC program.
Lucky,https://x.com/LLuciano_BTC," @ARC_AI
 is not just one of the best AI projects in the Web3 space, but it also boasts one of the strongest AI models in the world! 

 $ARC is continuously developing and training its Reactor, rolling out new features, and attracting a growing user base through new releases,",https://x.com/LLuciano_BTC/status/1820831664014078378,0xMerlyboo,https://x.com/merly_boo,Scalable solutions
Lucky,https://x.com/LLuciano_BTC," @ARC_AI
 is not just one of the best AI projects in the Web3 space, but it also boasts one of the strongest AI models in the world! 

 $ARC is continuously developing and training its Reactor, rolling out new features, and attracting a growing user base through new releases,",https://x.com/LLuciano_BTC/status/1820831664014078378,Crypto Maximalist,https://x.com/MaximalistInvt,"$ARC the leading one AI project . A lot to come, and I am holding for the bull . These prices are gift."
Lucky,https://x.com/LLuciano_BTC," @ARC_AI
 is not just one of the best AI projects in the Web3 space, but it also boasts one of the strongest AI models in the world! 

 $ARC is continuously developing and training its Reactor, rolling out new features, and attracting a growing user base through new releases,",https://x.com/LLuciano_BTC/status/1820831664014078378,Goku94123.eth,https://x.com/goku94123," Amazing insight! 

$ARC is revolutionizing AI in the Web3 space with its continuous Reactor developments and new revenue-sharing Earn with ARC program. 

This is a game-changer for investors and users alike.

 The pace of innovation and strong partnerships are driving $ARC"
Lucky,https://x.com/LLuciano_BTC," @ARC_AI
 is not just one of the best AI projects in the Web3 space, but it also boasts one of the strongest AI models in the world! 

 $ARC is continuously developing and training its Reactor, rolling out new features, and attracting a growing user base through new releases,",https://x.com/LLuciano_BTC/status/1820831664014078378,ARC,https://x.com/ARCreactorAI,"@LLuciano_BTC
 thank you for spreading knowledge about our project"
Lucky,https://x.com/LLuciano_BTC," @ARC_AI
 is not just one of the best AI projects in the Web3 space, but it also boasts one of the strongest AI models in the world! 

 $ARC is continuously developing and training its Reactor, rolling out new features, and attracting a growing user base through new releases,",https://x.com/LLuciano_BTC/status/1820831664014078378,BerlinETF,https://x.com/BerlinETF_,This is huge  With the upcoming launch of the Earn with $ARC program.
Lucky,https://x.com/LLuciano_BTC," @ARC_AI
 is not just one of the best AI projects in the Web3 space, but it also boasts one of the strongest AI models in the world! 

 $ARC is continuously developing and training its Reactor, rolling out new features, and attracting a growing user base through new releases,",https://x.com/LLuciano_BTC/status/1820831664014078378,0xMerlyboo,https://x.com/merly_boo,Scalable solutions
Lucky,https://x.com/LLuciano_BTC," @ARC_AI
 is not just one of the best AI projects in the Web3 space, but it also boasts one of the strongest AI models in the world! 

 $ARC is continuously developing and training its Reactor, rolling out new features, and attracting a growing user base through new releases,",https://x.com/LLuciano_BTC/status/1820831664014078378,Crypto Maximalist,https://x.com/MaximalistInvt,"$ARC the leading one AI project . A lot to come, and I am holding for the bull . These prices are gift."
Lucky,https://x.com/LLuciano_BTC," @ARC_AI
 is not just one of the best AI projects in the Web3 space, but it also boasts one of the strongest AI models in the world! 

 $ARC is continuously developing and training its Reactor, rolling out new features, and attracting a growing user base through new releases,",https://x.com/LLuciano_BTC/status/1820831664014078378,Goku94123.eth,https://x.com/goku94123," Amazing insight! 

$ARC is revolutionizing AI in the Web3 space with its continuous Reactor developments and new revenue-sharing Earn with ARC program. 

This is a game-changer for investors and users alike.

 The pace of innovation and strong partnerships are driving $ARC"
Lucky,https://x.com/LLuciano_BTC," @ARC_AI
 is not just one of the best AI projects in the Web3 space, but it also boasts one of the strongest AI models in the world! 

 $ARC is continuously developing and training its Reactor, rolling out new features, and attracting a growing user base through new releases,",https://x.com/LLuciano_BTC/status/1820831664014078378,🅳🅴🆂🅴🅻,https://x.com/DeselCrypto,$ARC going parabolic 
Lucky,https://x.com/LLuciano_BTC," @ARC_AI
 is not just one of the best AI projects in the Web3 space, but it also boasts one of the strongest AI models in the world! 

 $ARC is continuously developing and training its Reactor, rolling out new features, and attracting a growing user base through new releases,",https://x.com/LLuciano_BTC/status/1820831664014078378,Shaun Murphy,https://x.com/ShaunMurphyNFT,$ARC is poised to reach new heights A massive pump comes soon 
Lucky,https://x.com/LLuciano_BTC," @ARC_AI
 is not just one of the best AI projects in the Web3 space, but it also boasts one of the strongest AI models in the world! 

 $ARC is continuously developing and training its Reactor, rolling out new features, and attracting a growing user base through new releases,",https://x.com/LLuciano_BTC/status/1820831664014078378,Bharat Bhushan,https://x.com/BharatG58110105,$ARC will trade much higher in coming months 
Lucky,https://x.com/LLuciano_BTC," @ARC_AI
 is not just one of the best AI projects in the Web3 space, but it also boasts one of the strongest AI models in the world! 

 $ARC is continuously developing and training its Reactor, rolling out new features, and attracting a growing user base through new releases,",https://x.com/LLuciano_BTC/status/1820831664014078378,Altcoin GemsAlert,https://x.com/AltGemsAlert1,$ARC is running on the north side it'll pump hard 
Lucky,https://x.com/LLuciano_BTC," @ARC_AI
 is not just one of the best AI projects in the Web3 space, but it also boasts one of the strongest AI models in the world! 

 $ARC is continuously developing and training its Reactor, rolling out new features, and attracting a growing user base through new releases,",https://x.com/LLuciano_BTC/status/1820831664014078378,Kiwi trader,https://x.com/nzeesprinter,Let’s goooo $Arc sooo underrated
Lucky,https://x.com/LLuciano_BTC," @ARC_AI
 is not just one of the best AI projects in the Web3 space, but it also boasts one of the strongest AI models in the world! 

 $ARC is continuously developing and training its Reactor, rolling out new features, and attracting a growing user base through new releases,",https://x.com/LLuciano_BTC/status/1820831664014078378,CryptoMTD,https://x.com/CryptoMtd,#IYKYK
Lucky,https://x.com/LLuciano_BTC," @ARC_AI
 is not just one of the best AI projects in the Web3 space, but it also boasts one of the strongest AI models in the world! 

 $ARC is continuously developing and training its Reactor, rolling out new features, and attracting a growing user base through new releases,",https://x.com/LLuciano_BTC/status/1820831664014078378,Jannat,https://x.com/NFTnike123,$ARC is a top AI project!
Lucky,https://x.com/LLuciano_BTC," @ARC_AI
 is not just one of the best AI projects in the Web3 space, but it also boasts one of the strongest AI models in the world! 

 $ARC is continuously developing and training its Reactor, rolling out new features, and attracting a growing user base through new releases,",https://x.com/LLuciano_BTC/status/1820831664014078378,Nimo,https://x.com/3Fagin12,Strong AI model with $ARC
Lucky,https://x.com/LLuciano_BTC," @ARC_AI
 is not just one of the best AI projects in the Web3 space, but it also boasts one of the strongest AI models in the world! 

 $ARC is continuously developing and training its Reactor, rolling out new features, and attracting a growing user base through new releases,",https://x.com/LLuciano_BTC/status/1820831664014078378,Adewale Kenny,https://x.com/halal_kay,"$ARC is the future of asset protection and management! With its cutting-edge AI technology, get ready for unparalleled security, efficiency, and growth. The revolution is coming, and $ARC is leading the charge!"
Lucky,https://x.com/LLuciano_BTC," @ARC_AI
 is not just one of the best AI projects in the Web3 space, but it also boasts one of the strongest AI models in the world! 

 $ARC is continuously developing and training its Reactor, rolling out new features, and attracting a growing user base through new releases,",https://x.com/LLuciano_BTC/status/1820831664014078378,Abdulazeez Mustapha Elevex.ai ARC ReactorAI,https://x.com/mustapha89113,"$ARC ReactorAI is an advanced AI platform that leverages machine learning, natural language processing, and computer vision to drive business outcome and protection of assets #ARC will definitely lead the space"
Lucky,https://x.com/LLuciano_BTC," @ARC_AI
 is not just one of the best AI projects in the Web3 space, but it also boasts one of the strongest AI models in the world! 

 $ARC is continuously developing and training its Reactor, rolling out new features, and attracting a growing user base through new releases,",https://x.com/LLuciano_BTC/status/1820831664014078378,DeFi_DreadsGirl,https://x.com/TianahEtokh,"@ARCreactorAI
 is one of the best in the web 3 space. 
And by using and experiencing the Reactor for quite some time now, I can truly and boost fully single it praises."
Lucky,https://x.com/LLuciano_BTC," @ARC_AI
 is not just one of the best AI projects in the Web3 space, but it also boasts one of the strongest AI models in the world! 

 $ARC is continuously developing and training its Reactor, rolling out new features, and attracting a growing user base through new releases,",https://x.com/LLuciano_BTC/status/1820831664014078378,Sür_plüs,https://x.com/Amazindesigns88,"AI powerhouse $ARC is revolutionizing Web3! With its Reactor constantly evolving, user base expanding, and revenue sharing on the horizon, the growth potential is astronomical! Don't miss this chance to join the AI revolution and blast off with $ARC to new heights!"
Lucky,https://x.com/LLuciano_BTC," @ARC_AI
 is not just one of the best AI projects in the Web3 space, but it also boasts one of the strongest AI models in the world! 

 $ARC is continuously developing and training its Reactor, rolling out new features, and attracting a growing user base through new releases,",https://x.com/LLuciano_BTC/status/1820831664014078378,Ben,https://x.com/dusk_ben_,Seeing $ARC's continuous development and growth is impressive!
Lucky,https://x.com/LLuciano_BTC," @ARC_AI
 is not just one of the best AI projects in the Web3 space, but it also boasts one of the strongest AI models in the world! 

 $ARC is continuously developing and training its Reactor, rolling out new features, and attracting a growing user base through new releases,",https://x.com/LLuciano_BTC/status/1820831664014078378,Goku94123.eth,https://x.com/goku94123," Amazing insight! 

$ARC is revolutionizing AI in the Web3 space with its continuous Reactor developments and new revenue-sharing Earn with ARC program. 

This is a game-changer for investors and users alike.

 The pace of innovation and strong partnerships are driving $ARC"
Lucky,https://x.com/LLuciano_BTC," @ARC_AI
 is not just one of the best AI projects in the Web3 space, but it also boasts one of the strongest AI models in the world! 

 $ARC is continuously developing and training its Reactor, rolling out new features, and attracting a growing user base through new releases,",https://x.com/LLuciano_BTC/status/1820831664014078378,🅳🅴🆂🅴🅻,https://x.com/DeselCrypto,$ARC going parabolic 
Lucky,https://x.com/LLuciano_BTC," @ARC_AI
 is not just one of the best AI projects in the Web3 space, but it also boasts one of the strongest AI models in the world! 

 $ARC is continuously developing and training its Reactor, rolling out new features, and attracting a growing user base through new releases,",https://x.com/LLuciano_BTC/status/1820831664014078378,Shaun Murphy,https://x.com/ShaunMurphyNFT,$ARC is poised to reach new heights A massive pump comes soon 
Lucky,https://x.com/LLuciano_BTC," @ARC_AI
 is not just one of the best AI projects in the Web3 space, but it also boasts one of the strongest AI models in the world! 

 $ARC is continuously developing and training its Reactor, rolling out new features, and attracting a growing user base through new releases,",https://x.com/LLuciano_BTC/status/1820831664014078378,Bharat Bhushan,https://x.com/BharatG58110105,$ARC will trade much higher in coming months 
Lucky,https://x.com/LLuciano_BTC," @ARC_AI
 is not just one of the best AI projects in the Web3 space, but it also boasts one of the strongest AI models in the world! 

 $ARC is continuously developing and training its Reactor, rolling out new features, and attracting a growing user base through new releases,",https://x.com/LLuciano_BTC/status/1820831664014078378,Altcoin GemsAlert,https://x.com/AltGemsAlert1,$ARC is running on the north side it'll pump hard 
Lucky,https://x.com/LLuciano_BTC," @ARC_AI
 is not just one of the best AI projects in the Web3 space, but it also boasts one of the strongest AI models in the world! 

 $ARC is continuously developing and training its Reactor, rolling out new features, and attracting a growing user base through new releases,",https://x.com/LLuciano_BTC/status/1820831664014078378,Kiwi trader,https://x.com/nzeesprinter,Let’s goooo $Arc sooo underrated
Lucky,https://x.com/LLuciano_BTC," @ARC_AI
 is not just one of the best AI projects in the Web3 space, but it also boasts one of the strongest AI models in the world! 

 $ARC is continuously developing and training its Reactor, rolling out new features, and attracting a growing user base through new releases,",https://x.com/LLuciano_BTC/status/1820831664014078378,CryptoMTD,https://x.com/CryptoMtd,#IYKYK
Lucky,https://x.com/LLuciano_BTC," @ARC_AI
 is not just one of the best AI projects in the Web3 space, but it also boasts one of the strongest AI models in the world! 

 $ARC is continuously developing and training its Reactor, rolling out new features, and attracting a growing user base through new releases,",https://x.com/LLuciano_BTC/status/1820831664014078378,Jannat,https://x.com/NFTnike123,$ARC is a top AI project!
Lucky,https://x.com/LLuciano_BTC," @ARC_AI
 is not just one of the best AI projects in the Web3 space, but it also boasts one of the strongest AI models in the world! 

 $ARC is continuously developing and training its Reactor, rolling out new features, and attracting a growing user base through new releases,",https://x.com/LLuciano_BTC/status/1820831664014078378,Nimo,https://x.com/3Fagin12,Strong AI model with $ARC
Lucky,https://x.com/LLuciano_BTC," @ARC_AI
 is not just one of the best AI projects in the Web3 space, but it also boasts one of the strongest AI models in the world! 

 $ARC is continuously developing and training its Reactor, rolling out new features, and attracting a growing user base through new releases,",https://x.com/LLuciano_BTC/status/1820831664014078378,Adewale Kenny,https://x.com/halal_kay,"$ARC is the future of asset protection and management! With its cutting-edge AI technology, get ready for unparalleled security, efficiency, and growth. The revolution is coming, and $ARC is leading the charge!"
Lucky,https://x.com/LLuciano_BTC," @ARC_AI
 is not just one of the best AI projects in the Web3 space, but it also boasts one of the strongest AI models in the world! 

 $ARC is continuously developing and training its Reactor, rolling out new features, and attracting a growing user base through new releases,",https://x.com/LLuciano_BTC/status/1820831664014078378,Abdulazeez Mustapha Elevex.ai ARC ReactorAI,https://x.com/mustapha89113,"$ARC ReactorAI is an advanced AI platform that leverages machine learning, natural language processing, and computer vision to drive business outcome and protection of assets #ARC will definitely lead the space"
Lucky,https://x.com/LLuciano_BTC," @ARC_AI
 is not just one of the best AI projects in the Web3 space, but it also boasts one of the strongest AI models in the world! 

 $ARC is continuously developing and training its Reactor, rolling out new features, and attracting a growing user base through new releases,",https://x.com/LLuciano_BTC/status/1820831664014078378,DeFi_DreadsGirl,https://x.com/TianahEtokh,"@ARCreactorAI
 is one of the best in the web 3 space. 
And by using and experiencing the Reactor for quite some time now, I can truly and boost fully single it praises."
Lucky,https://x.com/LLuciano_BTC," @ARC_AI
 is not just one of the best AI projects in the Web3 space, but it also boasts one of the strongest AI models in the world! 

 $ARC is continuously developing and training its Reactor, rolling out new features, and attracting a growing user base through new releases,",https://x.com/LLuciano_BTC/status/1820831664014078378,Sür_plüs,https://x.com/Amazindesigns88,"AI powerhouse $ARC is revolutionizing Web3! With its Reactor constantly evolving, user base expanding, and revenue sharing on the horizon, the growth potential is astronomical! Don't miss this chance to join the AI revolution and blast off with $ARC to new heights!"
Lucky,https://x.com/LLuciano_BTC," @ARC_AI
 is not just one of the best AI projects in the Web3 space, but it also boasts one of the strongest AI models in the world! 

 $ARC is continuously developing and training its Reactor, rolling out new features, and attracting a growing user base through new releases,",https://x.com/LLuciano_BTC/status/1820831664014078378,Ben,https://x.com/dusk_ben_,Seeing $ARC's continuous development and growth is impressive!
Lucky,https://x.com/LLuciano_BTC," @ARC_AI
 is not just one of the best AI projects in the Web3 space, but it also boasts one of the strongest AI models in the world! 

 $ARC is continuously developing and training its Reactor, rolling out new features, and attracting a growing user base through new releases,",https://x.com/LLuciano_BTC/status/1820831664014078378,The baker girl,https://x.com/HopeEtokh,"$ARC is on the brink of a major breakthrough! With its cutting-edge Reactor technology, top-tier security, and scalability, it’s set to become a dominant force in the blockchain space. Exciting partnerships and AI integration will further propel $ARC."
Lucky,https://x.com/LLuciano_BTC," @ARC_AI
 is not just one of the best AI projects in the Web3 space, but it also boasts one of the strongest AI models in the world! 

 $ARC is continuously developing and training its Reactor, rolling out new features, and attracting a growing user base through new releases,",https://x.com/LLuciano_BTC/status/1820831664014078378,Fuzzy Logic,https://x.com/fuzzylogic_23,I love using reactor so far $ARC 
Lucky,https://x.com/LLuciano_BTC," @ARC_AI
 is not just one of the best AI projects in the Web3 space, but it also boasts one of the strongest AI models in the world! 

 $ARC is continuously developing and training its Reactor, rolling out new features, and attracting a growing user base through new releases,",https://x.com/LLuciano_BTC/status/1820831664014078378,Gogo,https://x.com/Meen11a,Huge growth potential for $ARC
Lucky,https://x.com/LLuciano_BTC," @ARC_AI
 is not just one of the best AI projects in the Web3 space, but it also boasts one of the strongest AI models in the world! 

 $ARC is continuously developing and training its Reactor, rolling out new features, and attracting a growing user base through new releases,",https://x.com/LLuciano_BTC/status/1820831664014078378,JA,https://x.com/J1Amn,"$ARC has develop good foundation for next AI.. Faster response, more accurate answer, less energy consumed, and most important, $Reactor response to your questions with a human conversation style"
Lucky,https://x.com/LLuciano_BTC," @ARC_AI
 is not just one of the best AI projects in the Web3 space, but it also boasts one of the strongest AI models in the world! 

 $ARC is continuously developing and training its Reactor, rolling out new features, and attracting a growing user base through new releases,",https://x.com/LLuciano_BTC/status/1820831664014078378,BitcoinVenturer,https://x.com/BitcoinVen8,The entry point is perfect right now!
Lucky,https://x.com/LLuciano_BTC," @ARC_AI
 is not just one of the best AI projects in the Web3 space, but it also boasts one of the strongest AI models in the world! 

 $ARC is continuously developing and training its Reactor, rolling out new features, and attracting a growing user base through new releases,",https://x.com/LLuciano_BTC/status/1820831664014078378,E.,https://x.com/cvmpatientia,$ARC is going to x10-20 in the following couple of months 
Lucky,https://x.com/LLuciano_BTC," @ARC_AI
 is not just one of the best AI projects in the Web3 space, but it also boasts one of the strongest AI models in the world! 

 $ARC is continuously developing and training its Reactor, rolling out new features, and attracting a growing user base through new releases,",https://x.com/LLuciano_BTC/status/1820831664014078378,Minto,https://x.com/mintoalbert3,The Earn with ARC program sounds amazing!
Lucky,https://x.com/LLuciano_BTC," @ARC_AI
 is not just one of the best AI projects in the Web3 space, but it also boasts one of the strongest AI models in the world! 

 $ARC is continuously developing and training its Reactor, rolling out new features, and attracting a growing user base through new releases,",https://x.com/LLuciano_BTC/status/1820831664014078378,Moneyster,https://x.com/CryptoWizzxx,Big potential for growth $ARC
Lucky,https://x.com/LLuciano_BTC," @ARC_AI
 is not just one of the best AI projects in the Web3 space, but it also boasts one of the strongest AI models in the world! 

 $ARC is continuously developing and training its Reactor, rolling out new features, and attracting a growing user base through new releases,",https://x.com/LLuciano_BTC/status/1820831664014078378,Bigjhay.eth ||,https://x.com/0xpapijhaytu,"Next few months is going to be bullish for $ARC.
It's time to bag some $ARC "
Lucky,https://x.com/LLuciano_BTC," @ARC_AI
 is not just one of the best AI projects in the Web3 space, but it also boasts one of the strongest AI models in the world! 

 $ARC is continuously developing and training its Reactor, rolling out new features, and attracting a growing user base through new releases,",https://x.com/LLuciano_BTC/status/1820831664014078378,Focuz,https://x.com/ZTwenhoven,"The 
@ARCreactorAI
 has great tech. $ARC  is here for the big win "
Lucky,https://x.com/LLuciano_BTC," @ARC_AI
 is not just one of the best AI projects in the Web3 space, but it also boasts one of the strongest AI models in the world! 

 $ARC is continuously developing and training its Reactor, rolling out new features, and attracting a growing user base through new releases,",https://x.com/LLuciano_BTC/status/1820831664014078378,JA,https://x.com/J1Amn,"$ARC has develop good foundation for next AI.. Faster response, more accurate answer, less energy consumed, and most important, $Reactor response to your questions with a human conversation style"
Lucky,https://x.com/LLuciano_BTC," @ARC_AI
 is not just one of the best AI projects in the Web3 space, but it also boasts one of the strongest AI models in the world! 

 $ARC is continuously developing and training its Reactor, rolling out new features, and attracting a growing user base through new releases,",https://x.com/LLuciano_BTC/status/1820831664014078378,BitcoinVenturer,https://x.com/BitcoinVen8,The entry point is perfect right now!
Lucky,https://x.com/LLuciano_BTC," @ARC_AI
 is not just one of the best AI projects in the Web3 space, but it also boasts one of the strongest AI models in the world! 

 $ARC is continuously developing and training its Reactor, rolling out new features, and attracting a growing user base through new releases,",https://x.com/LLuciano_BTC/status/1820831664014078378,E.,https://x.com/cvmpatientia,$ARC is going to x10-20 in the following couple of months 
Lucky,https://x.com/LLuciano_BTC," @ARC_AI
 is not just one of the best AI projects in the Web3 space, but it also boasts one of the strongest AI models in the world! 

 $ARC is continuously developing and training its Reactor, rolling out new features, and attracting a growing user base through new releases,",https://x.com/LLuciano_BTC/status/1820831664014078378,Minto,https://x.com/mintoalbert3,The Earn with ARC program sounds amazing!
Lucky,https://x.com/LLuciano_BTC," @ARC_AI
 is not just one of the best AI projects in the Web3 space, but it also boasts one of the strongest AI models in the world! 

 $ARC is continuously developing and training its Reactor, rolling out new features, and attracting a growing user base through new releases,",https://x.com/LLuciano_BTC/status/1820831664014078378,Moneyster,https://x.com/CryptoWizzxx,Big potential for growth $ARC
Lucky,https://x.com/LLuciano_BTC," @ARC_AI
 is not just one of the best AI projects in the Web3 space, but it also boasts one of the strongest AI models in the world! 

 $ARC is continuously developing and training its Reactor, rolling out new features, and attracting a growing user base through new releases,",https://x.com/LLuciano_BTC/status/1820831664014078378,Bigjhay.eth ||,https://x.com/0xpapijhaytu,"Next few months is going to be bullish for $ARC.
It's time to bag some $ARC "
Lucky,https://x.com/LLuciano_BTC," @ARC_AI
 is not just one of the best AI projects in the Web3 space, but it also boasts one of the strongest AI models in the world! 

 $ARC is continuously developing and training its Reactor, rolling out new features, and attracting a growing user base through new releases,",https://x.com/LLuciano_BTC/status/1820831664014078378,Focuz,https://x.com/ZTwenhoven,"The 
@ARCreactorAI
 has great tech. $ARC  is here for the big win "
Lucky,https://x.com/LLuciano_BTC," @ARC_AI
 is not just one of the best AI projects in the Web3 space, but it also boasts one of the strongest AI models in the world! 

 $ARC is continuously developing and training its Reactor, rolling out new features, and attracting a growing user base through new releases,",https://x.com/LLuciano_BTC/status/1820831664014078378,Mr luca,https://x.com/lucaisone,$ARC making remarkable growth 
Lucky,https://x.com/LLuciano_BTC," @ARC_AI
 is not just one of the best AI projects in the Web3 space, but it also boasts one of the strongest AI models in the world! 

 $ARC is continuously developing and training its Reactor, rolling out new features, and attracting a growing user base through new releases,",https://x.com/LLuciano_BTC/status/1820831664014078378,REAL AZHAR,https://x.com/FIslam85376,Definitely $ARC soon ATH
Lucky,https://x.com/LLuciano_BTC," @ARC_AI
 is not just one of the best AI projects in the Web3 space, but it also boasts one of the strongest AI models in the world! 

 $ARC is continuously developing and training its Reactor, rolling out new features, and attracting a growing user base through new releases,",https://x.com/LLuciano_BTC/status/1820831664014078378,Fura lit,https://x.com/LitFura,Don't miss this opportunity it's a great project
Lucky,https://x.com/LLuciano_BTC," @ARC_AI
 is not just one of the best AI projects in the Web3 space, but it also boasts one of the strongest AI models in the world! 

 $ARC is continuously developing and training its Reactor, rolling out new features, and attracting a growing user base through new releases,",https://x.com/LLuciano_BTC/status/1820831664014078378,Crypto Legend,https://x.com/Altcoincry,Don't miss out on $ARC potential
Lucky,https://x.com/LLuciano_BTC," @ARC_AI
 is not just one of the best AI projects in the Web3 space, but it also boasts one of the strongest AI models in the world! 

 $ARC is continuously developing and training its Reactor, rolling out new features, and attracting a growing user base through new releases,",https://x.com/LLuciano_BTC/status/1820831664014078378,Crypcrypto,https://x.com/Crypcryptoyioe,Massive potential with $ARC's revenue sharing program! 
Lucky,https://x.com/LLuciano_BTC," @ARC_AI
 is not just one of the best AI projects in the Web3 space, but it also boasts one of the strongest AI models in the world! 

 $ARC is continuously developing and training its Reactor, rolling out new features, and attracting a growing user base through new releases,",https://x.com/LLuciano_BTC/status/1820831664014078378,JA,https://x.com/J1Amn,"I believe $Arc     X account is 
@ARCreactorAI"
Lucky,https://x.com/LLuciano_BTC," @ARC_AI
 is not just one of the best AI projects in the Web3 space, but it also boasts one of the strongest AI models in the world! 

 $ARC is continuously developing and training its Reactor, rolling out new features, and attracting a growing user base through new releases,",https://x.com/LLuciano_BTC/status/1820831664014078378,Ethan Peters,https://x.com/candyinland,Chart seems promising for $ARC
Lucky,https://x.com/LLuciano_BTC," @ARC_AI
 is not just one of the best AI projects in the Web3 space, but it also boasts one of the strongest AI models in the world! 

 $ARC is continuously developing and training its Reactor, rolling out new features, and attracting a growing user base through new releases,",https://x.com/LLuciano_BTC/status/1820831664014078378,Jian,https://x.com/aisi_ara,"These giant accounts are not just sharing us for no reason, we have tech and The Reactor, an amazing team, and an awesome community! This token IS ON DISCOUNT. UNDERVALUED. Don't miss this because if you aren't ready we aren't coming back! $ARC #AI #ARC 
@ARCreactorAI"
Lucky,https://x.com/LLuciano_BTC," @ARC_AI
 is not just one of the best AI projects in the Web3 space, but it also boasts one of the strongest AI models in the world! 

 $ARC is continuously developing and training its Reactor, rolling out new features, and attracting a growing user base through new releases,",https://x.com/LLuciano_BTC/status/1820831664014078378,Bull Boy,https://x.com/bullxxxxfeed,Exciting times ahead for $ARC! The Reactor's growth potential is huge
Lucky,https://x.com/LLuciano_BTC," @ARC_AI
 is not just one of the best AI projects in the Web3 space, but it also boasts one of the strongest AI models in the world! 

 $ARC is continuously developing and training its Reactor, rolling out new features, and attracting a growing user base through new releases,",https://x.com/LLuciano_BTC/status/1820831664014078378,Ainu,https://x.com/aainu63,Great entry point now
Lucky,https://x.com/LLuciano_BTC," @ARC_AI
 is not just one of the best AI projects in the Web3 space, but it also boasts one of the strongest AI models in the world! 

 $ARC is continuously developing and training its Reactor, rolling out new features, and attracting a growing user base through new releases,",https://x.com/LLuciano_BTC/status/1820831664014078378,Gynch,https://x.com/Gynch9107,"Market Cap $18 Million, it hasn't even started yet."
Lucky,https://x.com/LLuciano_BTC," @ARC_AI
 is not just one of the best AI projects in the Web3 space, but it also boasts one of the strongest AI models in the world! 

 $ARC is continuously developing and training its Reactor, rolling out new features, and attracting a growing user base through new releases,",https://x.com/LLuciano_BTC/status/1820831664014078378,tom,https://x.com/TomCuteeee,"$ARC is continuously developing and training its Reactor, rolling out new features "
Lucky,https://x.com/LLuciano_BTC," @ARC_AI
 is not just one of the best AI projects in the Web3 space, but it also boasts one of the strongest AI models in the world! 

 $ARC is continuously developing and training its Reactor, rolling out new features, and attracting a growing user base through new releases,",https://x.com/LLuciano_BTC/status/1820831664014078378,Jason white,https://x.com/Comewithharry,$ARC has the potential to lead the market single handedly 
Lucky,https://x.com/LLuciano_BTC," @ARC_AI
 is not just one of the best AI projects in the Web3 space, but it also boasts one of the strongest AI models in the world! 

 $ARC is continuously developing and training its Reactor, rolling out new features, and attracting a growing user base through new releases,",https://x.com/LLuciano_BTC/status/1820831664014078378,Rossu Tim,https://x.com/RossuTim,A groundbreaking AI project with massive growth potential!
Lucky,https://x.com/LLuciano_BTC," @ARC_AI
 is not just one of the best AI projects in the Web3 space, but it also boasts one of the strongest AI models in the world! 

 $ARC is continuously developing and training its Reactor, rolling out new features, and attracting a growing user base through new releases,",https://x.com/LLuciano_BTC/status/1820831664014078378,Cryptocious,https://x.com/Cryptociouious,Impressive AI project with a bright future! 
Lucky,https://x.com/LLuciano_BTC," @ARC_AI
 is not just one of the best AI projects in the Web3 space, but it also boasts one of the strongest AI models in the world! 

 $ARC is continuously developing and training its Reactor, rolling out new features, and attracting a growing user base through new releases,",https://x.com/LLuciano_BTC/status/1820831664014078378,Olivia,https://x.com/Olivia1493460,One of my favorite holding 
Lucky,https://x.com/LLuciano_BTC," @ARC_AI
 is not just one of the best AI projects in the Web3 space, but it also boasts one of the strongest AI models in the world! 

 $ARC is continuously developing and training its Reactor, rolling out new features, and attracting a growing user base through new releases,",https://x.com/LLuciano_BTC/status/1820831664014078378,Willey,https://x.com/Crypto_willey,$ARC continuously building strong
Lucky,https://x.com/LLuciano_BTC," @ARC_AI
 is not just one of the best AI projects in the Web3 space, but it also boasts one of the strongest AI models in the world! 

 $ARC is continuously developing and training its Reactor, rolling out new features, and attracting a growing user base through new releases,",https://x.com/LLuciano_BTC/status/1820831664014078378,sailor1,https://x.com/_sailor1,$ARC to $1 and beyond in 2025. Bags loaded.
Lucky,https://x.com/LLuciano_BTC," @ARC_AI
 is not just one of the best AI projects in the Web3 space, but it also boasts one of the strongest AI models in the world! 

 $ARC is continuously developing and training its Reactor, rolling out new features, and attracting a growing user base through new releases,",https://x.com/LLuciano_BTC/status/1820831664014078378,REAL AZHAR,https://x.com/FIslam85376,Definitely $ARC soon ATH
Lucky,https://x.com/LLuciano_BTC," @ARC_AI
 is not just one of the best AI projects in the Web3 space, but it also boasts one of the strongest AI models in the world! 

 $ARC is continuously developing and training its Reactor, rolling out new features, and attracting a growing user base through new releases,",https://x.com/LLuciano_BTC/status/1820831664014078378,Fura lit,https://x.com/LitFura,Don't miss this opportunity it's a great project
Lucky,https://x.com/LLuciano_BTC," @ARC_AI
 is not just one of the best AI projects in the Web3 space, but it also boasts one of the strongest AI models in the world! 

 $ARC is continuously developing and training its Reactor, rolling out new features, and attracting a growing user base through new releases,",https://x.com/LLuciano_BTC/status/1820831664014078378,Crypto Legend,https://x.com/Altcoincry,Don't miss out on $ARC potential
Lucky,https://x.com/LLuciano_BTC," @ARC_AI
 is not just one of the best AI projects in the Web3 space, but it also boasts one of the strongest AI models in the world! 

 $ARC is continuously developing and training its Reactor, rolling out new features, and attracting a growing user base through new releases,",https://x.com/LLuciano_BTC/status/1820831664014078378,Crypcrypto,https://x.com/Crypcryptoyioe,Massive potential with $ARC's revenue sharing program! 
Lucky,https://x.com/LLuciano_BTC," @ARC_AI
 is not just one of the best AI projects in the Web3 space, but it also boasts one of the strongest AI models in the world! 

 $ARC is continuously developing and training its Reactor, rolling out new features, and attracting a growing user base through new releases,",https://x.com/LLuciano_BTC/status/1820831664014078378,JA,https://x.com/J1Amn,"I believe $Arc     X account is 
@ARCreactorAI"
Lucky,https://x.com/LLuciano_BTC," @ARC_AI
 is not just one of the best AI projects in the Web3 space, but it also boasts one of the strongest AI models in the world! 

 $ARC is continuously developing and training its Reactor, rolling out new features, and attracting a growing user base through new releases,",https://x.com/LLuciano_BTC/status/1820831664014078378,Ethan Peters,https://x.com/candyinland,Chart seems promising for $ARC
Lucky,https://x.com/LLuciano_BTC," @ARC_AI
 is not just one of the best AI projects in the Web3 space, but it also boasts one of the strongest AI models in the world! 

 $ARC is continuously developing and training its Reactor, rolling out new features, and attracting a growing user base through new releases,",https://x.com/LLuciano_BTC/status/1820831664014078378,Jian,https://x.com/aisi_ara,"These giant accounts are not just sharing us for no reason, we have tech and The Reactor, an amazing team, and an awesome community! This token IS ON DISCOUNT. UNDERVALUED. Don't miss this because if you aren't ready we aren't coming back! $ARC #AI #ARC 
@ARCreactorAI"
Lucky,https://x.com/LLuciano_BTC," @ARC_AI
 is not just one of the best AI projects in the Web3 space, but it also boasts one of the strongest AI models in the world! 

 $ARC is continuously developing and training its Reactor, rolling out new features, and attracting a growing user base through new releases,",https://x.com/LLuciano_BTC/status/1820831664014078378,Bull Boy,https://x.com/bullxxxxfeed,Exciting times ahead for $ARC! The Reactor's growth potential is huge
Lucky,https://x.com/LLuciano_BTC," @ARC_AI
 is not just one of the best AI projects in the Web3 space, but it also boasts one of the strongest AI models in the world! 

 $ARC is continuously developing and training its Reactor, rolling out new features, and attracting a growing user base through new releases,",https://x.com/LLuciano_BTC/status/1820831664014078378,Ainu,https://x.com/aainu63,Great entry point now
Lucky,https://x.com/LLuciano_BTC," @ARC_AI
 is not just one of the best AI projects in the Web3 space, but it also boasts one of the strongest AI models in the world! 

 $ARC is continuously developing and training its Reactor, rolling out new features, and attracting a growing user base through new releases,",https://x.com/LLuciano_BTC/status/1820831664014078378,Gynch,https://x.com/Gynch9107,"Market Cap $18 Million, it hasn't even started yet."
Lucky,https://x.com/LLuciano_BTC," @ARC_AI
 is not just one of the best AI projects in the Web3 space, but it also boasts one of the strongest AI models in the world! 

 $ARC is continuously developing and training its Reactor, rolling out new features, and attracting a growing user base through new releases,",https://x.com/LLuciano_BTC/status/1820831664014078378,tom,https://x.com/TomCuteeee,"$ARC is continuously developing and training its Reactor, rolling out new features "
Lucky,https://x.com/LLuciano_BTC," @ARC_AI
 is not just one of the best AI projects in the Web3 space, but it also boasts one of the strongest AI models in the world! 

 $ARC is continuously developing and training its Reactor, rolling out new features, and attracting a growing user base through new releases,",https://x.com/LLuciano_BTC/status/1820831664014078378,Jason white,https://x.com/Comewithharry,$ARC has the potential to lead the market single handedly 
Lucky,https://x.com/LLuciano_BTC," @ARC_AI
 is not just one of the best AI projects in the Web3 space, but it also boasts one of the strongest AI models in the world! 

 $ARC is continuously developing and training its Reactor, rolling out new features, and attracting a growing user base through new releases,",https://x.com/LLuciano_BTC/status/1820831664014078378,Rossu Tim,https://x.com/RossuTim,A groundbreaking AI project with massive growth potential!
Lucky,https://x.com/LLuciano_BTC," @ARC_AI
 is not just one of the best AI projects in the Web3 space, but it also boasts one of the strongest AI models in the world! 

 $ARC is continuously developing and training its Reactor, rolling out new features, and attracting a growing user base through new releases,",https://x.com/LLuciano_BTC/status/1820831664014078378,Cryptocious,https://x.com/Cryptociouious,Impressive AI project with a bright future! 
Lucky,https://x.com/LLuciano_BTC," @ARC_AI
 is not just one of the best AI projects in the Web3 space, but it also boasts one of the strongest AI models in the world! 

 $ARC is continuously developing and training its Reactor, rolling out new features, and attracting a growing user base through new releases,",https://x.com/LLuciano_BTC/status/1820831664014078378,Olivia,https://x.com/Olivia1493460,One of my favorite holding 
Lucky,https://x.com/LLuciano_BTC," @ARC_AI
 is not just one of the best AI projects in the Web3 space, but it also boasts one of the strongest AI models in the world! 

 $ARC is continuously developing and training its Reactor, rolling out new features, and attracting a growing user base through new releases,",https://x.com/LLuciano_BTC/status/1820831664014078378,Willey,https://x.com/Crypto_willey,$ARC continuously building strong
Lucky,https://x.com/LLuciano_BTC," @ARC_AI
 is not just one of the best AI projects in the Web3 space, but it also boasts one of the strongest AI models in the world! 

 $ARC is continuously developing and training its Reactor, rolling out new features, and attracting a growing user base through new releases,",https://x.com/LLuciano_BTC/status/1820831664014078378,sailor1,https://x.com/_sailor1,$ARC to $1 and beyond in 2025. Bags loaded.
Lucky,https://x.com/LLuciano_BTC," @ARC_AI
 is not just one of the best AI projects in the Web3 space, but it also boasts one of the strongest AI models in the world! 

 $ARC is continuously developing and training its Reactor, rolling out new features, and attracting a growing user base through new releases,",https://x.com/LLuciano_BTC/status/1820831664014078378,Sam,https://x.com/Samyeeio,Strong AI + new features = winning combo!
Lucky,https://x.com/LLuciano_BTC," @ARC_AI
 is not just one of the best AI projects in the Web3 space, but it also boasts one of the strongest AI models in the world! 

 $ARC is continuously developing and training its Reactor, rolling out new features, and attracting a growing user base through new releases,",https://x.com/LLuciano_BTC/status/1820831664014078378,Efaa,https://x.com/bari20127,$ARC is heating up
Lucky,https://x.com/LLuciano_BTC," @ARC_AI
 is not just one of the best AI projects in the Web3 space, but it also boasts one of the strongest AI models in the world! 

 $ARC is continuously developing and training its Reactor, rolling out new features, and attracting a growing user base through new releases,",https://x.com/LLuciano_BTC/status/1820831664014078378,Graciela crypto,https://x.com/g_cryptoxx,Going higher $ARC
Lucky,https://x.com/LLuciano_BTC," @ARC_AI
 is not just one of the best AI projects in the Web3 space, but it also boasts one of the strongest AI models in the world! 

 $ARC is continuously developing and training its Reactor, rolling out new features, and attracting a growing user base through new releases,",https://x.com/LLuciano_BTC/status/1820831664014078378,STARLIGHT,https://x.com/YoungZhean,"WHERE THERE IS 
@ARCreactorAI
 OTHERS CANNOT COMPETE"
Lucky,https://x.com/LLuciano_BTC," @ARC_AI
 is not just one of the best AI projects in the Web3 space, but it also boasts one of the strongest AI models in the world! 

 $ARC is continuously developing and training its Reactor, rolling out new features, and attracting a growing user base through new releases,",https://x.com/LLuciano_BTC/status/1820831664014078378,Leo Oscar,https://x.com/leo__oscar,$ARC is set to soar! 
Lucky,https://x.com/LLuciano_BTC," @ARC_AI
 is not just one of the best AI projects in the Web3 space, but it also boasts one of the strongest AI models in the world! 

 $ARC is continuously developing and training its Reactor, rolling out new features, and attracting a growing user base through new releases,",https://x.com/LLuciano_BTC/status/1820831664014078378,Wimsey wood,https://x.com/Steveiscalling,$ARC moon mission projected 
Lucky,https://x.com/LLuciano_BTC," @ARC_AI
 is not just one of the best AI projects in the Web3 space, but it also boasts one of the strongest AI models in the world! 

 $ARC is continuously developing and training its Reactor, rolling out new features, and attracting a growing user base through new releases,",https://x.com/LLuciano_BTC/status/1820831664014078378,Telmo G,https://x.com/TelmoG2,Nice catch 
Lucky,https://x.com/LLuciano_BTC," @ARC_AI
 is not just one of the best AI projects in the Web3 space, but it also boasts one of the strongest AI models in the world! 

 $ARC is continuously developing and training its Reactor, rolling out new features, and attracting a growing user base through new releases,",https://x.com/LLuciano_BTC/status/1820831664014078378,CRIPTOV3RSO,https://x.com/criptov3rso,$ARC 
Lucky,https://x.com/LLuciano_BTC," @ARC_AI
 is not just one of the best AI projects in the Web3 space, but it also boasts one of the strongest AI models in the world! 

 $ARC is continuously developing and training its Reactor, rolling out new features, and attracting a growing user base through new releases,",https://x.com/LLuciano_BTC/status/1820831664014078378,Katie,https://x.com/kkatiekins, Excited for $ARC's growth potential! 
Lucky,https://x.com/LLuciano_BTC," @ARC_AI
 is not just one of the best AI projects in the Web3 space, but it also boasts one of the strongest AI models in the world! 

 $ARC is continuously developing and training its Reactor, rolling out new features, and attracting a growing user base through new releases,",https://x.com/LLuciano_BTC/status/1820831664014078378,jerry,https://x.com/jerryshonn,"@ARC_AI
 is not just one of the best AI projects "
Lucky,https://x.com/LLuciano_BTC," @ARC_AI
 is not just one of the best AI projects in the Web3 space, but it also boasts one of the strongest AI models in the world! 

 $ARC is continuously developing and training its Reactor, rolling out new features, and attracting a growing user base through new releases,",https://x.com/LLuciano_BTC/status/1820831664014078378,cryptoKingdom,https://x.com/cryptoKingeieo,$ARC's Reactor is a game-changer! 
Lucky,https://x.com/LLuciano_BTC," @ARC_AI
 is not just one of the best AI projects in the Web3 space, but it also boasts one of the strongest AI models in the world! 

 $ARC is continuously developing and training its Reactor, rolling out new features, and attracting a growing user base through new releases,",https://x.com/LLuciano_BTC/status/1820831664014078378,hariveeravalli,https://x.com/hariveeravalli,"AI-powered Reactor? More like Arc Reactor, am I right? "
Lucky,https://x.com/LLuciano_BTC," @ARC_AI
 is not just one of the best AI projects in the Web3 space, but it also boasts one of the strongest AI models in the world! 

 $ARC is continuously developing and training its Reactor, rolling out new features, and attracting a growing user base through new releases,",https://x.com/LLuciano_BTC/status/1820831664014078378,Maverick,https://x.com/degen_maverick,"Why I'm adding to my $10k+ investment in $LNQ : 
@linq_ai
 

AI coins will be the leading narrative this cycle, and there's no better time to load your bags than now, before the end of summer and the pump begins.

While researching this explosive narrative, I found this undervalued"
Lucky,https://x.com/LLuciano_BTC," @ARC_AI
 is not just one of the best AI projects in the Web3 space, but it also boasts one of the strongest AI models in the world! 

 $ARC is continuously developing and training its Reactor, rolling out new features, and attracting a growing user base through new releases,",https://x.com/LLuciano_BTC/status/1820831664014078378,ARC,https://x.com/ARCreactorAI," Exciting Update: Introducing Voice Assistant in the soon to arrive Reactor Mobile App! 

Are you tired of typing?  With the upcoming Reactor Mobile App, you can ask questions verbally and get instant responses!  

Experience the future of AI with our cutting-edge Voice"
Lucky,https://x.com/LLuciano_BTC," @ARC_AI
 is not just one of the best AI projects in the Web3 space, but it also boasts one of the strongest AI models in the world! 

 $ARC is continuously developing and training its Reactor, rolling out new features, and attracting a growing user base through new releases,",https://x.com/LLuciano_BTC/status/1820831664014078378,WeZzA,https://x.com/WeZz0O,"Send all the #AI TOKENS TO HAVEN
$ARC "
Lucky,https://x.com/LLuciano_BTC," @ARC_AI
 is not just one of the best AI projects in the Web3 space, but it also boasts one of the strongest AI models in the world! 

 $ARC is continuously developing and training its Reactor, rolling out new features, and attracting a growing user base through new releases,",https://x.com/LLuciano_BTC/status/1820831664014078378,UpOnlyGreg,https://x.com/CryptoBullGreg,"$ARC Reactor is one of the most Powerful and Eco-friendly AI engines on earth. You aren’t BULLISH ENOUGH 

With #AI being the fastest growing and impactful sectors over the next decade,
@ARCreactorAI
 is a 25-50x for me "
